id,question,answer,language,category,difficulty,keywords,related_topics
1,How do variables work in Python?,"A Python variable is a name bound to an object. You create it with assignment such as score = 10, and Python infers the object type at runtime.",Python,Variables,Beginner,python variables assignment dynamic typing names objects,Data types;Assignment;Type conversion
2,What are common Python data types?,"Common built-in types include int, float, str, bool, list, tuple, set, dict, and NoneType. Each type defines the operations available for its values.",Python,Data Types,Beginner,python data types int float string boolean list tuple set dictionary,Variables;Collections;Type conversion
3,Explain operators in Python.,"Python provides arithmetic, comparison, logical, assignment, membership, identity, and bitwise operators. Operators combine or compare values to produce a result.",Python,Operators,Beginner,python operators arithmetic comparison logical membership identity,Expressions;Conditions;Boolean logic
4,How do if statements work in Python?,An if statement runs a block when its condition is true. Use elif for additional conditions and else for the fallback case. Indentation defines each block.,Python,Conditional Statements,Beginner,python if elif else conditional statements indentation,Boolean logic;Comparisons;Control flow
5,What is the difference between for and while loops in Python?,"A for loop iterates over items in an iterable, while a while loop repeats while a condition stays true. Use break to stop and continue to skip to the next iteration.",Python,Loops,Beginner,python for while loop break continue iterable,Iteration;Range;Control flow
6,How do you define a function in Python?,Use def followed by a name and parameters. A function groups reusable logic and can send a value back with return.,Python,Functions,Beginner,python function def parameters return reusable,Arguments;Scope;Lambda functions
7,What is a list in Python?,"A list is an ordered, mutable collection that can contain mixed values. Use square brackets, indexes, slicing, append, and remove to work with it.",Python,Lists,Beginner,python list ordered mutable collection indexing slicing append,Tuples;Sets;Dictionaries
8,How are strings handled in Python?,"Strings are immutable sequences of Unicode characters. You can index and slice them, use methods such as lower and split, and format them with f-strings.",Python,Strings,Beginner,python strings immutable unicode slicing split f-string,Lists;Formatting;Regular expressions
9,What is a Python dictionary?,"A dictionary stores key-value pairs and provides fast lookup by key. Literal syntax uses braces, such as {""name"": ""Asha""}.",Python,Dictionaries,Beginner,python dictionary key value mapping lookup,Lists;Sets;JSON
10,When should you use a tuple in Python?,"A tuple is an ordered immutable collection. It is useful for fixed records, multiple return values, and values that should not be changed.",Python,Tuples,Beginner,python tuple immutable ordered collection,Lists;Unpacking;Sets
11,What is a set in Python?,"A set is an unordered collection of unique hashable values. It supports efficient membership tests and union, intersection, and difference operations.",Python,Sets,Beginner,python set unique unordered membership union intersection,Lists;Dictionaries;Set operations
12,How does exception handling work in Python?,"Place risky code in try, handle expected errors in except, run cleanup in finally, and use else for code that runs only when no exception occurs.",Python,Exception Handling,Intermediate,python try except else finally exceptions errors,Custom exceptions;Debugging;File handling
13,How do you read a file safely in Python?,"Use with open(path, encoding=""utf-8"") as file so the file closes automatically. Methods such as read, readline, and readlines retrieve text.",Python,File Handling,Intermediate,python file handling open with read write encoding,Exceptions;CSV;Context manager
14,What is a class and object in Python?,A class is a blueprint defining data and behavior. An object is an instance of that class. The __init__ method commonly initializes instance attributes.,Python,OOP,Intermediate,python class object init oop instance,Methods;Inheritance;Encapsulation
15,Explain inheritance in Python.,Inheritance lets a child class reuse or extend a parent class. The child can call parent behavior with super and override methods when needed.,Python,OOP,Intermediate,python inheritance parent child class super override,Polymorphism;Classes;Method overriding
16,What is a module in Python?,"A module is a Python file containing reusable definitions. import loads it, and from module import name selects a particular definition.",Python,Modules,Intermediate,python module import package reusable code,Packages;Namespaces;Virtual environments
17,What is a list comprehension?,"A list comprehension creates a list from an iterable in one expression, optionally filtering values. For example, [x*x for x in numbers if x > 0].",Python,Comprehensions,Intermediate,python list comprehension iterable filter expression,Loops;Generators;Functional programming
18,What is a generator in Python?,"A generator produces values lazily using yield. It remembers its execution state between values, which saves memory for large sequences.",Python,Generators,Advanced,python generator yield lazy iteration memory,Iterators;Comprehensions;Streams
19,What is a Python decorator?,A decorator is a callable that wraps another function or class to add behavior without editing the wrapped object. The @ syntax applies it.,Python,Decorators,Advanced,python decorator wrapper callable at syntax,Functions;Closures;Metadata
20,What is a lambda function in Python?,"A lambda is a small anonymous function written as lambda parameters: expression. It is useful for short callbacks, often with sorted or map.",Python,Lambda,Intermediate,python lambda anonymous function callback map sorted,Functions;Map;Filter
21,How do you convert types in Python?,"Use constructors such as int, float, str, list, and bool when conversion is valid. Invalid text conversion raises ValueError, so validate input when needed.",Python,Type Conversion,Beginner,python type conversion int float str bool valueerror,Data types;Input validation;Exceptions
22,What is variable scope in Python?,"Python resolves names through local, enclosing, global, and built-in scopes, often called LEGB. A local name exists only inside its function unless declared nonlocal or global.",Python,Scope,Intermediate,python scope local enclosing global builtin legb,Functions;Closures;Namespaces
23,How can Python code be tested?,"Unit tests check small pieces of behavior in isolation. The unittest module is built in, while pytest is a popular external test runner with simple assertions.",Python,Testing,Intermediate,python testing unit test unittest pytest assertions,Debugging;Test cases;Quality assurance
24,Why use a Python virtual environment?,A virtual environment isolates project packages from the system Python and from other projects. Create one with python -m venv .venv and activate it before installing requirements.,Python,Virtual Environments,Beginner,python virtual environment venv packages isolation,Pip;Requirements;Deployment
25,How do you work with JSON in Python?,"The json module converts JSON text to Python values with loads and dumps, or reads and writes files with load and dump.",Python,JSON,Intermediate,python json loads dumps serialization api,Dictionaries;Files;Data exchange
26,How are variables declared in Java?,"A Java variable has a declared type and a name, for example int count = 3. The compiler checks that assigned values are compatible with the declared type.",Java,Variables,Beginner,java variables declaration static typing int string,Data types;Constants;Scope
27,What are Java primitive data types?,"Java primitives include byte, short, int, long, float, double, char, and boolean. String and arrays are reference types rather than primitives.",Java,Data Types,Beginner,java primitive data types byte short int long float double char boolean,Wrapper classes;Variables;Casting
28,What operators does Java provide?,"Java supports arithmetic, relational, logical, assignment, unary, bitwise, shift, and conditional operators. Operator precedence controls evaluation order.",Java,Operators,Beginner,java operators arithmetic relational logical assignment precedence,Expressions;Boolean logic;Conditions
29,How does an if else statement work in Java?,The if block runs when a boolean condition is true; else runs otherwise. else if chains additional conditions.,Java,Conditional Statements,Beginner,java if else conditional statement boolean,Switch;Boolean logic;Control flow
30,What are Java for and while loops?,"for is convenient when initialization, condition, and update belong together. while repeats while a condition is true; do-while always runs once before checking.",Java,Loops,Beginner,java for while do while loops iteration,Break;Continue;Arrays
31,What is a method in Java?,"A method is a named block of behavior inside a class. Its signature includes the name and parameter types, and it may return a declared type or void.",Java,Methods,Beginner,java method function return parameters signature,Overloading;Classes;Scope
32,What is an array in Java?,"An array stores a fixed number of values of one type. Indexing starts at zero, and the length property gives its size.",Java,Arrays,Beginner,java array fixed size indexing length collection,Loops;ArrayList;Memory
33,How are strings represented in Java?,"String is an immutable class representing text. Use equals for content comparison, not ==, which compares references.",Java,Strings,Beginner,java string immutable equals comparison text,StringBuilder;Characters;Formatting
34,What is a class in Java?,"A class defines fields and methods for objects. Objects are created with new, which allocates an instance and calls a constructor.",Java,Classes,Beginner,java class object fields methods constructor new,OOP;Encapsulation;Constructors
35,What is a constructor in Java?,A constructor initializes a new object and has the class name with no return type. Java supplies a default constructor only when no constructor is declared.,Java,Constructors,Intermediate,java constructor initialize object no return type,Classes;Overloading;this keyword
36,Explain inheritance in Java.,Inheritance lets a subclass extend a superclass and reuse accessible fields and methods. Java uses extends for classes and supports single class inheritance.,Java,OOP,Intermediate,java inheritance extends superclass subclass oop,Polymorphism;Overriding;Interfaces
37,What is polymorphism in Java?,"Polymorphism allows a superclass reference to refer to a subclass object. At runtime, an overridden method is selected according to the actual object.",Java,OOP,Intermediate,java polymorphism overriding dynamic dispatch oop,Inheritance;Interfaces;Abstraction
38,What is encapsulation in Java?,Encapsulation keeps state private and exposes controlled operations through methods. Private fields with public getters and setters are a common example.,Java,OOP,Intermediate,java encapsulation private fields getters setters,Classes;Abstraction;Access modifiers
39,What is an interface in Java?,"An interface defines a contract that implementing classes must fulfill. A class can implement multiple interfaces, supporting a form of multiple type inheritance.",Java,OOP,Intermediate,java interface implements contract abstract methods,Abstraction;Polymorphism;Default methods
40,How does try catch work in Java?,Put code that may fail in try and handle a matching exception in catch. finally is used for cleanup that should occur whether an exception happens or not.,Java,Exception Handling,Intermediate,java try catch finally exception handling,Throws;Custom exceptions;Resources
41,What is ArrayList in Java?,"ArrayList is a resizable list implementation from java.util. It preserves insertion order and offers indexed access, but inserting in the middle may shift elements.",Java,Collections,Intermediate,java arraylist collection resizable list java util,List;Generics;LinkedList
42,Why are generics used in Java?,"Generics parameterize classes and methods with types, such as List<String>. They provide compile-time type safety and reduce explicit casts.",Java,Generics,Intermediate,java generics type safety list string parameterized,Collections;Wildcards;Type erasure
43,What is a package in Java?,"A package groups related classes and prevents naming conflicts. The package declaration belongs at the top of a file, and import makes external types easier to reference.",Java,Packages,Beginner,java package import namespace classes,Modules;Access modifiers;JAR
44,How can Java read a text file?,"Use classes such as Files.readString, Files.readAllLines, or BufferedReader from java.nio.file and java.io. Handle IOException and choose a character set deliberately.",Java,File Handling,Intermediate,java file reading files readstring bufferedreader nio ioexception,Exceptions;Streams;Paths
45,What is the Java Stream API?,"Streams process sequences declaratively with operations such as filter, map, and collect. A stream is not a data structure and usually evaluates lazily until a terminal operation.",Java,Streams,Advanced,java stream api filter map collect lazy pipeline,Lambda;Collections;Functional programming
46,What is a thread in Java?,A thread is an independent path of execution. Create tasks with Runnable or Callable and coordinate shared state carefully to avoid race conditions.,Java,Threads,Advanced,java thread runnable callable concurrency execution,Synchronization;Executors;Locks
47,What are Java access modifiers?,"public is accessible broadly, protected supports package and subclass access, package-private has no keyword, and private is limited to the declaring class.",Java,Access Modifiers,Beginner,java access modifiers public private protected default,Encapsulation;Packages;Inheritance
48,What does static mean in Java?,A static field or method belongs to the class rather than a particular object. Static methods cannot directly use instance fields without an object.,Java,Static,Beginner,java static class method field instance,Classes;Main method;Memory
49,What is the JVM?,"The Java Virtual Machine runs Java bytecode and provides portability, memory management, and runtime services. The JRE includes the JVM and libraries; the JDK adds development tools.",Java,JVM,Advanced,java jvm bytecode jre jdk runtime,Compilation;Garbage collection;Portability
50,What are annotations in Java?,"Annotations add metadata to code, such as @Override. Tools and frameworks can inspect annotations during compilation or runtime to apply rules.",Java,Annotations,Advanced,java annotations override metadata reflection,Compiler;Reflection;Frameworks
51,How are variables declared in C?,"A C variable declaration specifies a type and identifier, such as int total = 0. C uses static types and stores values in memory locations.",C,Variables,Beginner,c variables declaration static typing int memory,Data types;Pointers;Scope
52,What are basic data types in C?,"C includes char, int, float, double, and void, along with modifiers such as short, long, signed, and unsigned.",C,Data Types,Beginner,c data types char int float double void signed unsigned,Variables;Casting;Memory
53,What operators are available in C?,"C provides arithmetic, relational, logical, assignment, bitwise, increment/decrement, conditional, and pointer operators.",C,Operators,Beginner,c operators arithmetic relational logical bitwise pointer,Expressions;Conditions;Pointers
54,How does if else work in C?,"if evaluates a condition and executes its block when nonzero. else handles the alternative, and else if chains additional tests.",C,Conditional Statements,Beginner,c if else conditional statements zero nonzero,Switch;Boolean expressions;Control flow
55,What are loops in C?,"for, while, and do-while repeat statements. for is useful for counted iteration, while checks before each iteration, and do-while checks after one run.",C,Loops,Beginner,c for while do while loops iteration,Break;Continue;Arrays
56,What is a function in C?,"A function is a reusable block with a return type, name, parameters, and body. A prototype tells the compiler its signature before use.",C,Functions,Beginner,c function return type parameters prototype reusable,Scope;Recursion;Headers
57,What is an array in C?,An array stores same-type elements contiguously. Its first index is zero and its size is fixed after creation.,C,Arrays,Beginner,c array contiguous fixed size indexing memory,Pointers;Strings;Loops
58,How are strings stored in C?,"A C string is a character array ending with a null character, \0. Functions such as strlen and strcpy from string.h operate on these arrays.",C,Strings,Beginner,c string char array null terminator strlen strcpy,Arrays;Pointers;Buffer safety
59,What is a pointer in C?,A pointer stores the address of another object. & obtains an address and * dereferences a pointer to access the pointed value.,C,Pointers,Intermediate,c pointer address dereference ampersand memory,Arrays;Dynamic memory;References
60,What is pointer arithmetic in C?,Adding one to a typed pointer advances by the size of its pointed type. Pointer arithmetic is meaningful within the same array and must stay within valid bounds.,C,Pointers,Advanced,c pointer arithmetic array bounds memory address,Arrays;Safety;Iteration
61,What is a struct in C?,A struct groups related fields of different types under one name. Access members with dot for an object and arrow for a pointer to a struct.,C,Structures,Beginner,c struct structure fields dot arrow record,Unions;Pointers;Typedef
62,How do malloc and free work in C?,malloc allocates uninitialized bytes on the heap and returns a pointer. free releases the block; every successful allocation should have one matching release.,C,Dynamic Memory,Intermediate,c malloc free heap dynamic memory allocation,calloc;realloc;Memory leaks
63,How does file handling work in C?,"fopen opens a file, functions such as fprintf or fgets read/write data, and fclose releases the file resource. Always check for NULL and errors.",C,File Handling,Intermediate,c file fopen fprintf fgets fclose io,Errors;Streams;Text files
64,What does the C preprocessor do?,"Before compilation, it expands directives such as #include and conditional blocks such as #ifdef. #define creates macros, not typed variables.",C,Preprocessor,Beginner,c preprocessor include define ifdef macros,Headers;Compilation;Constants
65,What are the stages of compiling C?,"Preprocessing expands directives, compilation translates source to assembly or object code, and linking combines object files and libraries into an executable.",C,Compilation,Beginner,c compilation preprocessing linking object executable,Compiler;Libraries;Build process
66,What is recursion in C?,"A recursive function calls itself on a smaller problem and needs a base case to stop. Each call uses stack space, so deep recursion can overflow the stack.",C,Recursion,Intermediate,c recursion function base case stack,Algorithms;Iteration;Stack
67,What are C storage classes?,"auto is the usual local storage, static preserves lifetime or limits file visibility, extern refers to a definition elsewhere, and register is a request for fast storage.",C,Storage Classes,Intermediate,c storage class auto static extern register lifetime,Scope;Linkage;Memory
68,What is an enum in C?,"An enum defines named integer constants, improving readability for a fixed set of choices. The compiler treats the values as integer-compatible.",C,Enums,Beginner,c enum enumeration named constants integer,Switch;Constants;Types
69,What is a union in C?,"A union stores different members in the same memory location, so only the most recently written member is reliably active. Its size is at least the largest member.",C,Unions,Intermediate,c union shared memory members size,Structs;Memory;Tagged unions
70,How are command-line arguments received in C?,"main can receive argc, the number of arguments, and argv, an array of strings. argv[0] normally contains the program name.",C,Command Line,Intermediate,c command line argc argv arguments main,Strings;Parsing;Programs
71,What does const mean in C?,const tells the compiler that code should not modify an object through that name. It helps document intent but does not make all referenced memory immutable.,C,Const,Beginner,c const qualifier read only variables,Pointers;Safety;API design
72,Why are header files used in C?,"Headers declare functions, types, and macros shared across source files. Include guards or #pragma once prevent duplicate declarations.",C,Header Files,Beginner,c header files declarations include guards modules,Preprocessor;Compilation;Libraries
73,What is a Makefile used for?,"A Makefile describes build targets, dependencies, and commands. make rebuilds only targets whose inputs changed, making multi-file C projects faster to compile.",C,Makefiles,Intermediate,c makefile build targets dependencies make,Compilation;Linking;Automation
74,What causes a segmentation fault in C?,"It happens when a program accesses invalid memory, such as dereferencing NULL, using a freed pointer, or writing past an array. Debuggers and sanitizers help locate it.",C,Segmentation Fault,Intermediate,c segmentation fault invalid memory null pointer buffer overflow,Pointers;Debugging;Memory safety
75,What are macros in C?,A macro is preprocessor text substitution created with #define. Parenthesize parameters and prefer functions when type safety or debugging matters.,C,Macros,Intermediate,c macro define substitution function safety,Preprocessor;Inline functions;Constants
76,What is SQL used for?,"SQL is a language for defining, querying, and modifying data in relational database systems. It works with tables, rows, columns, and relationships.",SQL,Database,Beginner,sql database relational tables queries data,Tables;Queries;RDBMS
77,How do you retrieve data with SQL?,"Use SELECT to choose columns and FROM to name a table, for example SELECT name FROM students. WHERE limits rows to those matching a condition.",SQL,SELECT,Beginner,sql select from retrieve rows columns,Where;Order by;Projection
78,What does a SQL WHERE clause do?,"WHERE filters rows before they are returned or modified. Combine conditions with AND, OR, and NOT, and use parentheses to make precedence clear.",SQL,WHERE,Beginner,sql where filter rows conditions and or not,Predicates;Operators;Filtering
79,How do you insert a row in SQL?,INSERT INTO table (columns) VALUES (values) adds rows. Naming columns explicitly makes the statement safer when the table schema changes.,SQL,INSERT,Beginner,sql insert into values add rows,Tables;Transactions;Constraints
80,How does SQL UPDATE work?,"UPDATE changes column values for rows that match an optional WHERE clause. Without WHERE, every row can be changed, so check the predicate carefully.",SQL,UPDATE,Beginner,sql update set where modify rows,Delete;Transactions;Safety
81,How do you delete rows in SQL?,"DELETE FROM table removes rows matching a WHERE condition. A missing WHERE clause deletes all rows, so use a transaction when possible.",SQL,DELETE,Beginner,sql delete from where remove rows,Update;Transactions;Constraints
82,What is an INNER JOIN?,An INNER JOIN combines rows from two tables when their join condition matches. It is used to read related data normalized into separate tables.,SQL,JOINS,Intermediate,sql inner join related tables matching rows,Left join;Keys;Relationships
83,What is a LEFT JOIN?,A LEFT JOIN returns every row from the left table and matching rows from the right table. Unmatched right-side columns are NULL.,SQL,JOINS,Intermediate,sql left join outer join null rows,Inner join;Null;Relationships
84,How does GROUP BY work in SQL?,GROUP BY puts rows with the same grouping values into summary groups. Aggregate functions such as COUNT and AVG then calculate one result per group.,SQL,GROUP BY,Intermediate,sql group by aggregate count avg summary,Having;Functions;Reports
85,What is the difference between WHERE and HAVING?,"WHERE filters individual rows before grouping. HAVING filters groups after aggregate calculations, such as groups whose COUNT is greater than five.",SQL,HAVING,Intermediate,sql having where group aggregate filter,Group by;Count;Queries
86,How do you sort SQL results?,ORDER BY sorts result rows by one or more columns. ASC is ascending and DESC is descending; use a stable secondary column when order matters.,SQL,ORDER BY,Beginner,sql order by asc desc sort results,Select;Limit;Pagination
87,How is NULL handled in SQL?,"NULL represents an unknown or missing value, not zero or an empty string. Use IS NULL or IS NOT NULL because comparisons with NULL produce unknown.",SQL,NULL,Beginner,sql null missing is null unknown values,Coalesce;Three-valued logic;Defaults
88,What are SQL constraints?,"Constraints enforce data rules. PRIMARY KEY identifies rows, FOREIGN KEY preserves relationships, UNIQUE prevents duplicates, NOT NULL requires a value, and CHECK validates a condition.",SQL,Constraints,Intermediate,sql constraints primary key foreign key unique not null check,Integrity;Relationships;Tables
89,What is a primary key?,A primary key uniquely identifies each row and cannot be NULL. It may be one column or a combination of columns.,SQL,Primary Key,Beginner,sql primary key unique row identifier,Foreign key;Indexes;Composite keys
90,What is a foreign key?,"A foreign key column references a key in another table, helping enforce referential integrity. It prevents child rows from pointing to missing parents unless rules allow it.",SQL,Foreign Key,Intermediate,sql foreign key reference referential integrity relationships,Joins;Primary key;Cascade
91,What is database normalization?,Normalization organizes data to reduce duplication and update anomalies. Common normal forms separate repeating groups and ensure attributes depend on the correct key.,SQL,Normalization,Advanced,sql normalization redundancy update anomalies schema,Tables;Relationships;Denormalization
92,What is a SQL transaction?,"A transaction groups statements into one logical unit. COMMIT makes changes durable and ROLLBACK undoes them, supporting reliable multi-step updates.",SQL,Transactions,Intermediate,sql transaction commit rollback atomic changes,ACID;Isolation;Errors
93,What does ACID mean in databases?,"Atomicity makes a transaction all-or-nothing, consistency preserves rules, isolation controls concurrent visibility, and durability preserves committed data.",SQL,ACID,Advanced,sql acid atomicity consistency isolation durability,Transactions;Concurrency;Reliability
94,What is a database index?,"An index is an auxiliary structure that speeds searches and ordering on selected columns. It uses storage and can slow writes, so index measured access patterns.",SQL,Indexes,Advanced,sql index query performance search columns,Explain;Optimization;Constraints
95,What is a SQL view?,"A view is a named query presented like a virtual table. It can simplify repeated joins and restrict visible columns, though complex views may affect performance.",SQL,Views,Intermediate,sql view virtual table saved query security,Select;Joins;Permissions
96,What is a SQL subquery?,"A subquery is a query nested inside another statement. It can provide a value, a set for IN, or a temporary result for EXISTS and joins.",SQL,Subqueries,Intermediate,sql subquery nested query exists in,Joins;CTE;Filtering
97,What is a common table expression?,A CTE uses WITH to name a temporary result for one statement. It improves readability and can express recursive queries for hierarchical data.,SQL,CTE,Advanced,sql cte with common table expression recursive,Subqueries;Reports;Hierarchy
98,What are aggregate functions in SQL?,"COUNT, SUM, AVG, MIN, and MAX combine values from multiple rows into a summary. NULL handling varies, so understand which values each function ignores.",SQL,Aggregate Functions,Beginner,sql aggregate functions count sum avg min max,Group by;Null;Reports
99,What is SQL injection and how is it prevented?,SQL injection occurs when untrusted text changes a query. Parameterized statements or prepared queries keep data separate from SQL code and are the primary defense.,SQL,SQL Injection,Advanced,sql injection security prepared statements parameters,Validation;Authentication;Security
100,What is a database schema?,"A schema describes tables, columns, data types, constraints, indexes, and relationships. It is the structural contract for the stored data.",SQL,Database Schema,Intermediate,sql database schema tables columns constraints relationships,Normalization;Migrations;Design
101,What is HTML?,"HTML is a markup language that structures web content with elements such as headings, paragraphs, links, images, and forms.",HTML/CSS,HTML Basics,Beginner,html markup language elements structure web page,CSS;DOM;Accessibility
102,Why use semantic HTML elements?,"Semantic elements such as header, nav, main, article, and footer communicate meaning to browsers, assistive technology, and developers better than generic divs.",HTML/CSS,Semantic HTML,Beginner,html semantic elements header nav main article accessibility,Accessibility;Document structure;SEO
103,How do hyperlinks work in HTML?,The a element creates a link with href pointing to a URL or document fragment. Descriptive link text helps keyboard and screen-reader users.,HTML/CSS,Links,Beginner,html anchor link href url navigation,URLs;Accessibility;Images
104,How do you add an image in HTML?,Use img with a src for the resource and meaningful alt text. The alt text describes the image when it cannot be seen or is decorative when empty.,HTML/CSS,Images,Beginner,html img src alt image accessibility,Responsive images;Figure;Loading
105,What is an HTML form?,"A form groups controls for collecting input. label, input, select, textarea, and button create an accessible submission interface, and name identifies submitted values.",HTML/CSS,Forms,Intermediate,html form input label select textarea button,Validation;Accessibility;HTTP
106,When should HTML tables be used?,"Use a table for genuinely tabular data, with caption, thead, tbody, th, and td. Do not use tables for page layout.",HTML/CSS,Tables,Beginner,html table thead tbody th td tabular data,Accessibility;CSS;Data
107,What is CSS?,"CSS describes the presentation of HTML, including color, typography, spacing, layout, and responsive behavior. Rules select elements and assign property values.",HTML/CSS,CSS Basics,Beginner,css cascading style sheets selectors properties layout,HTML;Selectors;Responsive design
108,What are CSS selectors?,"Selectors target elements by type, class, id, attribute, state, or relationship. Classes are usually reusable; ids should be unique.",HTML/CSS,Selectors,Beginner,css selectors class id attribute pseudo class,Specificity;Cascade;DOM
109,What is the CSS box model?,"Every element has content, padding, border, and margin areas. box-sizing: border-box makes declared width include padding and border, simplifying layout.",HTML/CSS,Box Model,Beginner,css box model margin padding border content sizing,Layout;Width;Spacing
110,What is CSS Flexbox?,"Flexbox lays out items along a main axis and cross axis. display:flex enables alignment with justify-content, align-items, gap, and flex properties.",HTML/CSS,Flexbox,Intermediate,css flexbox display flex justify content align items,Layout;Grid;Responsive design
111,What is CSS Grid?,"Grid creates two-dimensional row and column layouts. Define tracks with grid-template-columns and use gap, areas, or auto-placement for structure.",HTML/CSS,Grid,Intermediate,css grid columns rows gap layout two dimensional,Flexbox;Responsive design;Cards
112,How do media queries help responsive design?,Media queries apply CSS only when conditions such as viewport width are true. They let layouts adapt from small screens to large screens.,HTML/CSS,Responsive Design,Intermediate,css media queries responsive viewport breakpoints,Mobile;Grid;Flexbox
113,What does cascading mean in CSS?,"When multiple rules match, the cascade considers origin, importance, specificity, and source order. More specific or later rules can override earlier declarations.",HTML/CSS,Cascade,Intermediate,css cascade specificity inheritance source order,Selectors;Inheritance;Debugging
114,How is CSS specificity calculated?,"Specificity gives weight to selectors: inline styles are strongest, then ids, classes/attributes/pseudo-classes, then element selectors. Avoid overly specific selectors.",HTML/CSS,Specificity,Intermediate,css specificity selectors id class element cascade,Cascade;Maintainability;Overrides
115,What are CSS position values?,static is normal flow; relative offsets an element from its position; absolute positions relative to a containing block; fixed attaches to the viewport; sticky switches based on scroll.,HTML/CSS,Positioning,Intermediate,css position static relative absolute fixed sticky,Layout;Z-index;Scrolling
116,How can HTML and CSS support accessibility?,"Use semantic structure, visible focus states, sufficient contrast, keyboard-friendly controls, labels, alt text, and responsive text. Never communicate meaning by color alone.",HTML/CSS,Accessibility,Intermediate,html css accessibility focus contrast keyboard semantic,Forms;ARIA;Responsive design
117,How do you style text with CSS?,"Use font-family, font-size, font-weight, line-height, letter-spacing, and color. Prefer readable line lengths and a clear hierarchy.",HTML/CSS,Typography,Beginner,css typography font family size weight line height,Web fonts;Accessibility;Design
118,What are CSS custom properties?,Custom properties such as --accent: teal store reusable values and are read with var(--accent). They can be changed at a scope or at runtime.,HTML/CSS,CSS Variables,Intermediate,css custom properties variables var reusable theme,Theming;Cascade;Design tokens
119,What are CSS pseudo-classes?,"Pseudo-classes select a state or condition, such as :hover, :focus-visible, :checked, or :first-child, without adding another class to the markup.",HTML/CSS,Pseudo Classes,Beginner,css pseudo classes hover focus checked state,Selectors;Accessibility;Interaction
120,What does a CSS transition do?,"transition animates a property change between states, such as a button color on hover. Keep duration short and respect prefers-reduced-motion for accessibility.",HTML/CSS,Transitions,Beginner,css transition hover animation duration reduced motion,Transforms;Accessibility;Interaction
121,What are CSS transforms?,"transform changes an element visually with translate, scale, rotate, or skew without changing normal document flow. It is often efficient for motion.",HTML/CSS,Transforms,Intermediate,css transform translate scale rotate animation,Transitions;Performance;Layout
122,How does CSS overflow work?,"The overflow property controls content that exceeds a box: visible, hidden, clip, scroll, or auto. Use it carefully because clipped content can harm accessibility.",HTML/CSS,Overflow,Beginner,css overflow hidden scroll auto content,Layout;Scrolling;Accessibility
123,What CSS units should be used?,"px is fixed, while rem relates to the root font size, em to the current element, and percentages or viewport units adapt to context. Combine units intentionally.",HTML/CSS,Units,Beginner,css units px rem em percent vw vh responsive,Typography;Responsive design;Layout
124,What is the relationship between HTML and the DOM?,"The browser parses HTML into a Document Object Model tree. CSS selects nodes in that tree, and JavaScript can read or modify them.",HTML/CSS,DOM,Intermediate,html dom document object model browser tree,CSS;JavaScript;Events
125,How does HTML help SEO?,"Clear titles, headings, semantic landmarks, descriptive links, alt text, and useful metadata help search engines understand page content. Good structure also improves accessibility.",HTML/CSS,SEO,Intermediate,html seo title headings metadata semantic content,Accessibility;Links;Metadata
126,How do let and const work in JavaScript?,"let declares a block-scoped variable that can be reassigned. const declares a block-scoped binding that cannot be reassigned, although referenced objects can still be mutable.",JavaScript,Variables,Beginner,javascript let const variables block scope,Var;Scope;Data types
127,What are JavaScript data types?,"Primitive types include string, number, bigint, boolean, undefined, symbol, and null. Objects, arrays, and functions are reference values.",JavaScript,Data Types,Beginner,javascript data types string number boolean null undefined object,Variables;Type coercion;Objects
128,What operators are used in JavaScript?,"JavaScript supports arithmetic, comparison, logical, assignment, ternary, nullish coalescing, optional chaining, and bitwise operators. Prefer === for strict equality.",JavaScript,Operators,Beginner,javascript operators arithmetic comparison logical strict equality,Expressions;Conditions;Type coercion
129,How do if and switch work in JavaScript?,if evaluates conditions and may use else if and else. switch compares one expression against case values and should usually include a default branch.,JavaScript,Conditionals,Beginner,javascript if else switch case conditional,Boolean logic;Control flow;Expressions
130,What loops are available in JavaScript?,"for, while, and do-while repeat statements. for...of iterates values, while for...in iterates enumerable keys and is usually for object properties.",JavaScript,Loops,Beginner,javascript loops for while for of for in iteration,Arrays;Objects;Break
131,What is a function in JavaScript?,"A function packages reusable behavior and may accept parameters and return a value. Functions are first-class values, so they can be stored, passed, and returned.",JavaScript,Functions,Beginner,javascript function parameters return first class,Arrow functions;Callbacks;Scope
132,How do JavaScript arrays work?,"An array is an ordered, zero-indexed collection. Common methods include push, slice, map, filter, find, and reduce.",JavaScript,Arrays,Beginner,javascript arrays index map filter reduce collection,Loops;Objects;Methods
133,How do you manipulate strings in JavaScript?,"Strings are immutable text values. Use template literals, trim, includes, split, replace, and toUpperCase or toLowerCase to create new strings.",JavaScript,Strings,Beginner,javascript string template literal split replace immutable,Arrays;Formatting;Regex
134,What is an object in JavaScript?,"An object stores key-value properties and methods. Access properties with dot or bracket notation, and use destructuring to extract values.",JavaScript,Objects,Beginner,javascript object properties methods dot bracket destructuring,Arrays;JSON;Classes
135,What is the DOM in JavaScript?,"The DOM is the browser representation of an HTML document. JavaScript can select nodes, change text or attributes, create elements, and respond to events.",JavaScript,DOM,Intermediate,javascript dom document queryselector html nodes,Events;HTML;Rendering
136,How do event listeners work?,addEventListener registers a function for an event such as click or input. The handler receives an event object and can inspect the target or prevent default behavior.,JavaScript,Events,Intermediate,javascript events addEventListener click input handler,DOM;Forms;Bubbling
137,What is a Promise in JavaScript?,"A Promise represents a future result and can be pending, fulfilled, or rejected. then and catch handle outcomes, while async functions use await for readable asynchronous code.",JavaScript,Async,Intermediate,javascript promise async await future result,Fetch;Errors;Callbacks
138,How does fetch retrieve data?,"fetch sends an HTTP request and returns a Promise for a Response. Check response.ok, parse the body such as response.json(), and catch network errors.",JavaScript,Fetch,Intermediate,javascript fetch http response json api,Promises;Async;REST
139,What are JSON.parse and JSON.stringify?,JSON.parse converts JSON text into a JavaScript value. JSON.stringify converts a value to JSON text for storage or transmission.,JavaScript,JSON,Beginner,javascript json parse stringify serialization api,Objects;Fetch;Storage
140,How do JavaScript classes work?,A class is syntax for creating objects with constructors and methods. extends creates inheritance and super calls parent behavior.,JavaScript,Classes,Intermediate,javascript class constructor extends super object oriented,Objects;Inheritance;Methods
141,What is a closure in JavaScript?,"A closure is a function together with access to variables from its surrounding lexical scope, even after that outer function returns.",JavaScript,Closures,Advanced,javascript closure lexical scope function private state,Functions;Scope;Callbacks
142,What is hoisting in JavaScript?,"Declarations are processed before execution, but behavior differs: var is initialized as undefined, while let and const are unavailable in their temporal dead zone until declared.",JavaScript,Hoisting,Intermediate,javascript hoisting var let const temporal dead zone,Scope;Variables;Execution
143,What are JavaScript modules?,Modules split code into files with explicit export and import statements. They create private module scope and make dependencies clear.,JavaScript,Modules,Intermediate,javascript modules import export es modules scope,Bundlers;Packages;Architecture
144,How do try catch blocks work in JavaScript?,"try runs code that may throw, catch receives the error, and finally runs cleanup. Throw meaningful Error objects rather than arbitrary strings.",JavaScript,Error Handling,Intermediate,javascript try catch finally throw error handling,Promises;Debugging;Validation
145,What is the JavaScript event loop?,"JavaScript runs synchronous code on a call stack. The event loop moves ready callbacks from task or microtask queues to the stack when it is empty, enabling non-blocking I/O.",JavaScript,Event Loop,Advanced,javascript event loop call stack queue microtask asynchronous,Promises;Timers;Concurrency
146,How does localStorage work?,localStorage stores string key-value pairs in the browser and persists across sessions for the same origin. JSON.stringify and JSON.parse help store structured data.,JavaScript,Local Storage,Beginner,javascript localstorage browser persistence key value,JSON;Session storage;Privacy
147,What is type coercion in JavaScript?,"Type coercion converts values during operations, sometimes implicitly. Strict equality avoids many surprises by comparing type and value without conversion.",JavaScript,Type Coercion,Intermediate,javascript type coercion strict equality conversion,Operators;Types;Validation
148,What are regular expressions used for?,"Regular expressions describe text patterns for searching, validating, and replacing. They are useful for simple patterns but should not replace a parser for complex languages.",JavaScript,Regular Expressions,Intermediate,javascript regex regular expression pattern match replace,Strings;Validation;Parsing
149,What are Map and Set in JavaScript?,Map stores key-value pairs with keys of any type. Set stores unique values. They provide clear semantics and useful methods for membership and iteration.,JavaScript,Map and Set,Intermediate,javascript map set unique keys collection,Objects;Arrays;Iteration
150,How can JavaScript performance be improved?,"Measure first, then reduce unnecessary work, batch DOM updates, avoid blocking the main thread, load code lazily, and use efficient data structures.",JavaScript,Performance,Advanced,javascript performance optimize dom lazy loading main thread,Event loop;Profiling;Web workers
